{
  "$schema": "https://raw.githubusercontent.com/DotNetAnalyzers/StyleCopAnalyzers/master/StyleCop.Analyzers/StyleCop.Analyzers/Settings/stylecop.schema.json",
  "settings": {
    "documentationRules": {
      "copyrightText": "Copyright (c) All contributors. All rights reserved.\nLicensed under the {licenseName} license. See {licenseFile} file in the project root for full license information.",
      "variables": {
        "licenseName": "MIT",
        "licenseFile": "LICENSE"
      },
      "fileNamingConvention": "metadata",
      "xmlHeader": false
    },
    "layoutRules": {
      "newlineAtEndOfFile": "require"
    },
    "orderingRules": {
      "systemUsingDirectivesFirst": true,
      "usingDirectivesPlacement": "outsideNamespace"
    }
  }
}
